keyword,priority,volume,kd,cpc,intent,seed,flag,published,Ссылка конкурента 1,Ссылка конкурента 2,Ссылка конкурента 3,Заголовок конкурента 1,Заголовок конкурента 2,Заголовок конкурента 3,Сниппет конкурента 1,Сниппет конкурента 2,Сниппет конкурента 3
how to make a qr code generator,1,4400,75,1.5,I,qr code generator,ok,,,,,,,,,,
how to create a qr code generator,2,1900,76,1.62,I,qr code generator,ok,,,,,,,,,,
how to generate a qr code,3,1800,74,1.71,I,qr code generator,ok,,,,,,,,,,
how to generate qr code for linkedin,4,260,13,1.56,I,qr code generator,ok,,,,,,,,,,
how to generate qr code from google form,5,260,20,0.95,I,qr code generator,ok,,,,,,,,,,
how to generate app password for gmail,6,320,28,0,I,password generator,ok,,,,,,,,,,
how to generate a qr code for google form,7,260,23,1.19,I,qr code generator,ok,,,,,,,,,,
what is the best free ai image generator,8,590,59,1.01,I,ai image generator free,ok,,,,,,,,,,
how to generate a qr code for my website,9,480,50,4.24,I,qr code generator,ok,,,,,,,,,,
how to generate password,10,480,53,0.24,I,password generator,ok,,,,,,,,,,
how to generate qr code for my website,11,480,55,4.24,I,qr code generator,ok,,,,,,,,,,
how do i generate a qr code for my website,12,480,57,4.24,I,qr code generator,ok,,,,,,,,,,
how to generate passwords,13,480,64,0.24,I,password generator,ok,,,,,,,,,,
how to create qr code generator,14,390,55,0.2,I,qr code generator,ok,,,,,,,,,,
how to generate qr code for url,15,390,56,2.69,I,qr code generator,ok,,,,,,,,,,
how to generate a password,16,480,71,0.24,I,password generator,ok,,,,,,,,,,
how generate qr code,17,390,64,0.2,I,qr code generator,ok,,,,,,,,,,
how to make qr code generator,18,390,69,0.2,I,qr code generator,ok,,,,,,,,,,
