keyword,priority,volume,kd,cpc,position,intent,competitor,Ссылка конкурента 1,Ссылка конкурента 2,Ссылка конкурента 3,Заголовок конкурента 1,Заголовок конкурента 2,Заголовок конкурента 3,Сниппет конкурента 1,Сниппет конкурента 2,Сниппет конкурента 3
build one,1,4400,29,1.89,20,I,bolt.new,https://www.build.one/,https://buildone-partners.com/,https://www.instagram.com/buildone_design_construction/,"Build with AI, Ship Enterprise.: B1 Framework",BuildOne Partners | Construction Software Experts,BUILD ONE (@buildone_design_construction),Try Build.One in a Codespace. Launch a GitHub Codespace preloaded with the Build.One stack and explore the frameworks right away. Coming soon.Read more,"BuildOne Partners helps contractors improve or replace their back office, project management, and field software systems by helping you evaluate, choose, and ...Read more","Every build starts long before the first tool hits the site. The principles that guide every decision, every detail, and every handover are seamlessy blended ..."
bolt up,2,990,6,0,28,I,bolt.new,https://forum.wordreference.com/threads/to-bolt-up.3013608/,https://www.instagram.com/boltup_rec/,https://bolt.new/,To bolt up,Bolt Up (@boltup_rec),"Bolt AI builder: Websites, apps & prototypes","May 12, 2015 — I use this ""to bolt up"" to mean ""to barge in"", ie, to come up quickly in the midst of other people talking.Read more","The most ELECTRIFYING recreational programs in Cooper City! Located at 2800 N Palm Ave. Cooper City, FL 33026 · Bolt Up Summer Camp 2024 Weekly Field Trips!Read more",Build and scale high-performing websites & apps using your words. Join millions and start building today.
bolt up,3,990,6,0,46,I,bolt.new,https://forum.wordreference.com/threads/to-bolt-up.3013608/,https://www.instagram.com/boltup_rec/,https://bolt.new/,To bolt up,Bolt Up (@boltup_rec),"Bolt AI builder: Websites, apps & prototypes","May 12, 2015 — I use this ""to bolt up"" to mean ""to barge in"", ie, to come up quickly in the midst of other people talking.Read more","The most ELECTRIFYING recreational programs in Cooper City! Located at 2800 N Palm Ave. Cooper City, FL 33026 · Bolt Up Summer Camp 2024 Weekly Field Trips!Read more",Build and scale high-performing websites & apps using your words. Join millions and start building today.
database users,4,920,14,2.52,38,I,bolt.new,https://www.geeksforgeeks.org/dbms/different-types-of-database-users/,https://www.mongodb.com/docs/manual/reference/database-users/,https://medium.com/@bhanusreebarige/database-users-and-administrators-in-dbms-600d05543574,Different Types of Database Users,Database Users - MongoDB Docs,Database users and Administrators in DBMS,"Dec 2, 2025 — A Database User is defined as a person who interacts with data daily for updating, reading, and modifying the given data. Database users can ...Read more",MongoDB uses database users to authenticate clients and grant access to your deployment. Assign roles to database users based on the level of access and tasks ...Read more,"Various types of users interact with a Database Management System (DBMS). These users have distinct functions, access levels, knowledge, or ...Read more"
neew,5,1800,40,0,72,I,bolt.new,https://www.youtube.com/c/neewoficial,https://open.spotify.com/intl-pt/artist/2SnQV33JSAlRWZdEIMOAvH,https://www.instagram.com/neew.art7/,NEEW Oficial,Neew,neew.art7,NEEW Oficial · Anjos e Demônios - Neew (ProdGuts) · Videos · COSTAKENT · 3:15. NEEW - BARREIRAS feat GUSTAVO MARTINS E JNUP. CostaKent. 23K views. 7 years ago.Read more,Singles e EPs · Dinheiro Em Bloco · OUTRO LUGAR · Eu Vim de Lá · Sem Replay · Fazer Salseiro · Inconsequente · Amor Só Da Problema · Cheiro Do Verde. Single • ...Read more,"Visual Artist | Graffiti Murais - Ilustração Digital Projetos autorais. Brasília, Brasil neew.art7@gmail.com. Follow. Message.Read more"
internal tool,6,1300,36,6.82,55,"L,N",bolt.new,https://internaltool.com/,https://internaltool.net/,https://www.mercadolivre.com.br/wear-resistant-internal-hole-turning-tool-for-lathes/p/MLB2067534153,"Internal Tool - Dovetail cutters, as well as custom lathe and ...",Internal Tool – Specializing in Carbide Mill & Lathe Cutting Tools,Wear-resistant Internal Hole Turning Tool For Lathes,"Quality product, Fast delivery, and Great prices. Internal Tool takes great pride in being able to assist our customers with any custom tool needs.","Here at Internal Tool we take pride in every cutting tool we produce. Each tool is inspected to ensure it meets the specifications it was designed for, so you ...Read more","ou R$159,71 em 5x R$31,94 sem juros. 7% OFF Saldo no Mercado Pago. Frete grátis. Suporte Para Rosca Interna Torno Snr 0020 R16 / Ag 60 127/220v. R$159,90.Read more"
figma desktop app,7,990,28,0.34,90,I,bolt.new,https://www.figma.com/downloads/,https://www.figma.com/community/file/1193086625111048947/web-desktop-app,https://www.figma.com/,Figma Downloads | Web Design App for Desktops & Mobile,Web/Desktop App,Figma: The Collaborative Interface Design Tool,"Download the Figma web design app on desktop for macOS or Windows, plus the font installer and device preview apps.",Web/Desktop App. Design file. •. 70. •. 8.4k users. MD. SOHAN. Open in Figma. About. Comments 0. Tags. Desktop. A. Post. 0 comments. Share. For Figma.Read more,"Figma is the leading collaborative design platform for building meaningful products. Design, prototype, and build products faster—while gathering feedback ..."
pointclickcare user login,8,990,31,2.71,41,I,bolt.new,https://accounts.pointclickcare.com/,https://pointclickcare.com/login/,https://efs.pointclickcare.com/poc/userLogin.xhtml,PointClickCare Login,PCC Login,PointClickCare - Point of Care,Username. Username. Sign in with passkey. OR. Continue with password. Password. Password. Next. Login Help · Privacy Policy.Read more,PointClickCare Login. Senior Care Login. Login. Provider/Health Plan Login. Login. Recommended Products. Automated Care Messaging.Read more,"User Name, Password, Login. Javascript error message here. Select your username from the available list below. Otherwise click the show keyboard button to type ...Read more"
bolt run,9,920,32,0,12,I,bolt.new,https://pt.wikipedia.org/wiki/Usain_Bolt,https://www.instagram.com/team_bolt_running/,https://www.youtube.com/watch?v=3nbjhpcZ9_g,"Usain Bolt – Wikipédia, a enciclopédia livre",Team Bolt Running ⚡️ Corrida de Rua (@ ... - Instagram,Usain Bolt 9.58 100m New World Record Berlin [HQ],"Usain St. Leo Bolt, OJ, OD, OLY (Trelawny, 21 de agosto de 1986) é um ex-velocista jamaicano multicampeão olímpico e mundial nessa modalidade.Read more","‍♂️ Do iniciante ao avançado ⚡️ Corrida e fortalecimento específico Presencial, planilhado ou online. CREF: 192090-G/SP @marcos_bolt · Terça feira com ...Read more","Berlin 2009 - Usain Bolt with a New World Record in 9.58 over 100 m ""Asafa Powell is the fastest out of the blocks - now it's Gay in the ..."
bolt run,10,920,32,0,31,I,bolt.new,https://pt.wikipedia.org/wiki/Usain_Bolt,https://www.instagram.com/team_bolt_running/,https://www.youtube.com/watch?v=3nbjhpcZ9_g,"Usain Bolt – Wikipédia, a enciclopédia livre",Team Bolt Running ⚡️ Corrida de Rua (@ ... - Instagram,Usain Bolt 9.58 100m New World Record Berlin [HQ],"Usain St. Leo Bolt, OJ, OD, OLY (Trelawny, 21 de agosto de 1986) é um ex-velocista jamaicano multicampeão olímpico e mundial nessa modalidade.Read more","‍♂️ Do iniciante ao avançado ⚡️ Corrida e fortalecimento específico Presencial, planilhado ou online. CREF: 192090-G/SP @marcos_bolt · Terça feira com ...Read more","Berlin 2009 - Usain Bolt with a New World Record in 9.58 over 100 m ""Asafa Powell is the fastest out of the blocks - now it's Gay in the ..."
